No,Name,Comment,Class,Time,Likes,Languge,Reply Count,Channel
1,Arya Official,"<a href=""https://www.youtube.com/watch?v=r3B_WTIE4X8&amp;t=4m52s"">4:52</a> Gay dan Lesbian itu bukan menyakit melainkan Orientasi Seksual",pro,2021-01-11T16:14:09Z,67,id,32,maliqueProject
2,Hamwet And Howatio,Title sm hashtag ga nyambung sm content. Ini mah â€œopini org2 yg ga tau arti lgbt tp ditanyain tentang lgbtâ€ ğŸ¤¡,net,2021-01-08T19:26:29Z,53,id,3,maliqueProject
3,Malique Project,Gimana kalo menurut kalian guys?,net,2021-01-07T14:58:52Z,13,id,15,maliqueProject
4,wahyu affandi,"Apapun itu orientasi sex mu, terserah mu. Dalam agama pasti kalian sudah paham, saya tak punya hak untuk menghakimi. Kalaupun itu pilihan mu, tolong jangan terlalu vulgar dan &quot;meracuni&quot; orang yg straight. Tetap jaga etika dan semoga bahagia ya, tetap jaga kesehatanmu.",net,2021-01-10T07:44:43Z,11,id,44,maliqueProject
5,halwa zakia,"Aku straight, tapi sedih ngeliat ini, sakit :(((((((((((((((",pro,2021-01-16T17:55:45Z,10,id,7,maliqueProject
6,Kahen,Emang LGBT itu bisa segampang itu suka sama kalian2 yg ada di video ini? Helooo.....? Mentang2 mereka LGBT kalian pikir mereka itu gampangan?,pro,2021-01-14T10:32:33Z,9,id,4,maliqueProject
7,Fiqi Khoiriyan Wanhar,"tbh konten ini terlalu menyudutkan lgbt, ditambah judulnya ganyambung sama isi konten :)))",net,2021-01-17T05:39:40Z,9,id,0,maliqueProject
8,Teguh Nugroho,WOW MASIH 0 SEKALI YA INDONESIA ILMU TENTANG LGBTIQ++++,net,2021-01-17T15:44:34Z,9,id,2,maliqueProject
9,D Denie,"Biasanya orng yg paling anti pake bgt,,,itulah orng yg sejenis dgn orng yg dia tolakğŸ˜ŒğŸ˜ŒğŸ¤£setauku",pro,2021-01-14T11:10:26Z,8,id,0,maliqueProject
10,Sukacita Semangatt,"Gue heteroseksual (suka lawan jenis), teman gue ada yang gay dan lesbian. Mereka baik. Semua orang berhak mencintai dan dicintai, apapun warna kulitnya, sukunya, agamanya, gendernya, orientasi seksnya. Love is love. Perlu kalian ketahui bahwa LGBTQ ga menular",pro,2021-01-16T14:41:14Z,8,id,11,maliqueProject
11,Joni Ridwan,"Gue pengen ketawa sama lu punya konten,, kayanya kalian semua belum punya pengalaman yg jauh di dunia LGBT dan kalian semua kaya melihat negatif gitu, gue cuman ingetin aje yee kalau blm paham sama dunia pelangi jangan pada komentar dah atau minta pendapat LGBT itu GAK SEMUANYA negatif atau mengganggu. Dan ingat yaaa setiap pribadi orang itu &quot;Berbeda&quot; jadi kalau lu mau punya konten jangan bahas orientasinya tapi personality orang nya . Ga semua ganggu ataupun ngebet suka kalau berteman sama yg hetero. Dan satu lagi &#39;INI BUKAN PENYAKIT&#39;.",pro,2021-01-13T15:12:14Z,8,id,5,maliqueProject
12,Kahen,Ini kenapa isinya menyudutkan LGBT  ya?,net,2021-01-14T15:01:59Z,8,id,0,maliqueProject
13,riediyaa karin,&quot;Penyakit&quot; sakit ati gua ajg,kon,2021-01-19T12:35:33Z,7,id,31,maliqueProject
14,Muhammad Yusuf Catur Pamungkas,"Gamasalah sih temenan sm lgbt, kalo ngeliat dijalanpun gabakal ku anjing&quot;in bangsat&quot;in, normal aja gitu. Tp tetep aja dalam hati berkata &quot;bruh..&quot; ğŸ¤£<br />Soalnya bukan karna agama atau norma&quot; sosial yg ada di msyrakat, tp lebih ke akalku aja yg gabisa ngebayangin terong ketemu terong atau donat ketemu donat",kon,2021-01-17T01:27:51Z,7,id,3,maliqueProject
15,gilang herlambang,"mau gimanapun mereka jga manusia, bukan penyakit, ga akan nular, bukan gangguan kejiwaan, dan itu hanya sex orientationnya.",pro,2021-01-15T13:08:39Z,7,id,1,maliqueProject
16,Kahen,Melek SOGIE dulu sebelum membahas LGBT.  <br /><br />Jadi komennya netral.,net,2021-01-14T10:30:58Z,7,id,2,maliqueProject
17,I'm Just Curious,"Wkkw padahal LGBT bukan cuma suka sesama jenis.. <br />Ada transgender, aseksual, queer.<br />Dih. Dibilang penyakit lagi anjir",pro,2021-02-16T16:41:22Z,7,id,32,maliqueProject
18,for movie,"suka heran sm cara pandang orang indonesia yang menyamaratakan orientasi seksual dengan tindakan kriminal. bukan berarti karna dia gay maka semua cowo yang dia liat pengen dia tidurin anjir, engga gitu. sama aja kayak hubungan cewe cowo, mereka pun punya tipe ideal dan lain sebagainya. jd ga usah sok kegantengan mikir karna ada cowo gay di lingkungan main lu terus lu was-was takut ditaksir, ngaca dulu, worth it ga lu buat ditaksir XIXIXIXI",pro,2021-03-02T05:28:22Z,6,id,0,maliqueProject
19,Bayu abay,"Kok gua sedih liat konten kyak gini... Seburuk itukah lgbt. Kami lgbt manusia seperti kalian. Hanya beda orientasi seksual saja.... Jika tidak mau  menerima kami.. Jangan sudutkan kami, Tolong...",pro,2021-01-20T16:10:18Z,5,id,37,maliqueProject
20,MASJEMBROS Official,KONTEN TERKEREN SEANTERO RAYA!!!ğŸ”¥ğŸ”¥ğŸ”¥,,2021-01-07T14:29:39Z,5,id,1,maliqueProject
21,Nana Mardiana,LGBT PENYAKIT? WAW IMPRESIVE,pro,2021-03-05T05:06:12Z,5,id,0,maliqueProject
22,411 Baduy,LGBT sholat ... Lu waras?<br />Allah SWT Murka penyakit ini<br />LGBT Nikah lebih ga waras lagi<br />Perintah Nikah dari Agama<br />Sakit ya berobat ...<br />Sayangi diri ...,kon,2021-01-24T16:34:39Z,5,id,31,maliqueProject
23,Kahen,"Lucu juga ada yg komen, takut tertular, terkontaminasi lah,  astaga. Suci sekali diri anda. Dgn kata lain anda menghina ciptaan Tuhan yg lain, anda menganggap bahkan bbrp orang di video ini membenci LGBT cuman karena mereka &quot;ada&quot;. Itu sumpah gw geli banget pemikiran begitu.  Itu menunjukkan betapa sempitnya pola pikir anda terhadap sesuatu.<br /><br />Belajar lagi ya kaka2 sblm bikin video ini. Biar melek dulu Sex Orientation, Gender Ekspresi and Intersex.",net,2021-01-14T15:10:16Z,5,id,1,maliqueProject
24,ilya nurin,"Dibilangin jangan kampanye in cukup simpen masing2 aja, gak bakal diganggu selama gak ngeganggu. Orang indo santai2, gak diusik mah asik aja. Eh didiemin malah makin dikampanyein di sosmed dan berbagai media, jangan ngajak orang lain buat melakukan hal hal yang salah.",kon,2021-01-23T15:32:07Z,4,id,3,maliqueProject
25,goreng atau kuah?,Erpan be like: mau cowok mau cewek pasti ada yang gayyyy,net,2021-01-12T09:54:12Z,4,id,1,maliqueProject
26,Rosita Bengkulu,Hanya orang orang yang memandang sebelah mata aja yang menyebut LGBT menular,pro,2021-02-05T19:53:29Z,4,id,0,maliqueProject
27,Theo Renaldi,IG teteh yang gak pake kerudung tapi bajunya bukan warna merah apa ya :v,,2021-01-20T04:46:28Z,4,id,0,maliqueProject
28,rofiq alfahrezi,"ini terserah lo semua mau hujat gw apa gimana, menurut gw lgbt ga pantes ada di Indonesia. jangan bicara tentang love is love, that&#39;s so stupid woy. kalo mau pacaran sesama jenis ya pindah negara aja sono",kon,2021-02-12T18:28:07Z,3,id,70,maliqueProject
29,dahsyatnya iwan,"Kirain orang orang yang di interview bakal kasih paparan yang bagus, ternyata sama semua jawabannya aah ehh uhh hahahhaa lain kali matengin lagi yaa kontennya! Semangat!:)",net,2021-03-07T14:58:44Z,3,id,2,maliqueProject
30,Eriza Adi Farobi,"WHOEVER MADE THIS CONTENT IS SUCH A SHAME. JUDUL DGN ISI KONTEN GAK NYAMBUNG. Mending ganti judul deh, atau nggak hapus aja sekalian. drpd malu2in",kon,2021-02-03T09:55:33Z,3,id,0,maliqueProject
31,I'AM GAY,Aku mau nanya buat Abang dan kakak yang bilang LGBT itu menular emang dari segi mana nya bagus bisa menular emang penyakit HIV tapi enggak apa-apa menurut gua emang kami itu di pandang sebelah mata dan bahkan kami enggak mau terlahir seperti ini makasih buat konten nya membuat aku tau apa padangan orang di luar sana tentang kami yang LGBT ini terutama buat kedua orang tua yang akan hancur ketika tau anaknya LGBT ğŸ˜­ğŸ˜­ğŸ˜­ğŸ˜­,pro,2021-01-15T10:13:17Z,2,id,17,maliqueProject
32,Farhan Mursaid Ali R,Fix diantar cwo itu ada yg gay,net,2021-01-15T18:41:06Z,2,id,0,maliqueProject
33,Giffari Art,Idiihh mantebbbb terusskaann!,net,2021-01-07T15:19:30Z,2,id,1,maliqueProject
34,Peter McMillan,"Menjadi LGBTQ+ itu bukan pilihan hidup bagi seorang pribadi. Jika memang LGBTQ+ bisa memilih untuk berubah menjadi Heteroseksual, lantas... bagaimana caranya? Jika bahkan sejak muda, kita tahu, dan kita sendiri diajarkan untuk tidak menjadi LGBTQ+; kembali ke &quot;jika LGBTQ+ adalah pilihan hidup!&quot; Sudah pasti sejak saat itupun kita sadar untuk tidak memilih menjadi LGBTQ+. Dan jika kita memilih untuk menjadi LGBTQ+, kenapa kita (termasuk saya sebagai LGBTQ+) tidak dapat luput dan lepas dari cara hidup ini. So... buat kalian yang suka bilang kalau LGBTQ+ itu bisa semudah perkataan kalian dapat diubah, kalian itu bukan kami! Dan kalian tidak pernah tahu siapa kami! Kar&#39;na yang mengenal betul tentang kami, hanyalah diri kami sendiri. LGBTQ+ itu natural! Kami tak pernah memilih untuk lahir dengan jalan seperti ini! Stop judge kami! YOU AREN&#39;T ME! AND YOU NEVER KNOW ABOUT ME!",pro,2021-01-21T10:01:14Z,2,id,2,maliqueProject
35,Putri Nur Azizah,Please cuman mau benerin lgbt itu gk penyakit,pro,2021-02-13T08:26:51Z,2,id,0,maliqueProject
36,philip schrute,&quot;nular&quot; &quot;terkontaminasi&quot; bukti bahwa orang indonesia kurang banget edukasi,kon,2021-03-13T19:59:18Z,1,id,0,maliqueProject
37,Rosita Bengkulu,Emangnya penyakit apa nular,pro,2021-02-05T19:52:17Z,1,id,0,maliqueProject
38,Akasha Han,"Prihatin, dari ini gua liat soal surrogate mother, penyewaan rahim, donasi sperma, bank sperma  dll dan kasusnya, ga tau kenapa, prihatin sama komunitas ini.",net,2021-02-04T23:58:58Z,1,id,0,maliqueProject
39,Thalita fairuz,Sebenernya ini konten bukan untuk menyudutkan lgbt tapi ini kan interview opini org tentang kaum itu dan itu kan pendapat para narasumber ini kalo menurut mereka buruk yaudah itu opini mereka dlm konten ini,net,2021-01-23T07:04:45Z,1,id,4,maliqueProject
40,Firminus Plj,Aku yg gay tp standar ku ketinggian.,pro,2021-02-28T14:52:16Z,0,id,0,maliqueProject
41,maman mam,buruan  nih gue belum solat maghrib,net,2021-02-13T14:39:35Z,0,id,0,maliqueProject
42,Daniel Supriadi,Di konten ini lgbt kaya bakteri,kon,2021-02-05T05:52:15Z,0,id,0,maliqueProject
43,Antoni Perwira,instument belakangan itu judulnya apa ya bro?,,2021-02-04T13:37:25Z,0,id,0,maliqueProject
44,Kuro Neko,"Komen kehapus terus, kenapa ya? Ada yang takut kah?",,2021-02-20T06:39:55Z,0,id,0,maliqueProject
45,dimitree,Makannya jangan gay bodat,kon,2021-01-21T15:36:46Z,0,id,0,maliqueProject
46,andick ok,Pecinta lobang tai,kon,2021-01-27T04:39:13Z,0,id,0,maliqueProject
47,Kuro Neko,"Sebagian besar pengidap LGBT itu berasal dari orang2 yang mengalami kekerasan disaat kecil yang mempengaruhi hidup mereka hingga dewasa.<br />Kekerasan yang dialami pun bervariasi, mulai dari kekerasan fisik, mental, hingga seksual yang disebabkan oleh setidaknya seseorang dalam keluarga yang mempunyai gender yang sama.<br />LGBT termasuk penykit mental karena terbentuk dari trauma yang di alami sewaktu kecil.<br />Selain dari trauma, penykit LGBT juga menyebar melalui pergaulan, sehingga penyebarannya harus dihentikan. Contoh bukti kalau LGBT itu adalah penykit yang menular bisa disimak di menit <a href=""https://www.youtube.com/watch?v=r3B_WTIE4X8&amp;t=07m03s"">07:03</a>.",pro,2021-02-20T06:44:56Z,0,id,1,maliqueProject
48,illegal mood,"What else should I be?<br />Harus bagaimana lagi aku?<br />All apologies<br />Semua maaf<br />What else could I say?<br />Apa lagi yang bisa kukatakan?<br />Everyone was gay<br />Semua orang gay<br />What else could I write?<br />Apa lagi yang bisa kutulis?<br />I don&#39;t have the right<br />Aku tak punya hak<br />What else should I be?<br />Harus bagaimana lagi aku?<br />All Apologies<br />Semua maaf<br /><br />In the sun<br />Di dalam mentari<br />In the sunÂ I feel as one<br />Di dalam mentari, aku merasa menyatu<br />In the sun<br />Di dalam mentari<br />In the sun<br />Di dalam mentari<br />Married!<br /><br />Menikah!<br />Buried!<br />Terkubur!<br /><br />I wish I was like you<br />Andai aku sepertimu<br />Easily amused<br />Mudah terhibur<br />Find my nest of salt<br />Temukan peraduanku<br />Everything`s my fault<br />Semua salahku<br />I&#39;ll take all the blame<br />Kan kuterima disalahkan<br />I&#39;ll proceed from shame<br />Aku kan bangkit dari rasa malu<br />Sunburn with freezer burn<br />Terpanggang matahari dengan gigil ruang pendingin<br />Choking on the ashes of her enemy<br />Tersedak debu musuhnya<br /><br />In the sun<br />Di dalam mentari<br />In the sun I feel as one<br />Di dalam mentari, aku merasa menyatu<br />In the sun<br />Di dalam mentari<br />In the sun<br />Di dalam mentari<br />Married, Married, Married!<br />Menikah, menikah, menikah!<br />Buried!<br />Terkubur!<br />Yeah, yeah, yeah, yeah,<br /><br />All in all is all we are [x20]<br />Seutuhnya, itulah kita<br /><br /><br />ğ˜¼ğ™¡ğ™¡ ğ˜¼ğ™¥ğ™¤ğ™¡ğ™¤ğ™œğ™ğ™šğ™¨  _ ğ™£ğ™ğ™§ğ™«ğ™–ğ™£ğ™–_",net,2021-01-26T22:01:05Z,0,id,0,maliqueProject
49,Nob Player,Woy bangsad gua LGBT dan lu mau apa taii,pro,2021-02-15T13:31:23Z,0,id,0,maliqueProject
50,dumang gayung,ya intinya jangan ganggu banci dan tidak saling menggangu,net,2021-01-31T20:21:17Z,0,id,0,maliqueProject
51,ãªã†ãµã‚„ã‚‹,"Agama udah ga ada artinya lagi bagi manusia, ga ngerti lagi gw",kon,2020-10-17T05:00:45Z,19,id,0,PinterPolitik
52,Abdillah Family Channel,Indonesia Anti LGBT SELAMANYA!,kon,2019-01-29T20:54:48Z,16,id,3,PinterPolitik
53,Wahyu Fajar,"Saya sangat setuju bahwa kaum LGBT di Indonesia berhak mendapatkan perlindungan dari Negara Indonesia. Bagaimana pun kaum LGBT adalah manusia dan kita sebagai sesama manusia harus saling mentolrransi dan saling menghormati bukan menghakimi. Suku, agama, dan adat istiadat memang tidak ada yang mengajarkan LGBT itu baik tapi LGBT adalah hal yang murni di alami seseorang dalam keadaan tertentu dan bukan penyakit yang harus di musmahkan. Presiden dan seluruh masyarakat harus tau apa itu LGBT secara mendalam dan agar mereka mengerti bagaimana berada di posisi kita kaum LGBT. Semua dapat di lakukan kalau kaum LGBT dapat memberikan hal positif dan dapat memberikan arahan dan pengertian kepada masyarakat .. Bersosialisasi dengan baik dan tetap berusaha pasti masyarakat akan menerima",pro,2018-05-13T11:44:45Z,16,id,6,PinterPolitik
54,julee Fender,"kalau kalian merasa manusia suci kata2 pun di atur....masa kata2 kalian lebih baik kaum lgbt....kaum lgbt saya lihat mereka diem walaupun di hina di caci di maki...mana ada merrka brrontak....noh teroris,begal,perampokan,yg sekali aksi menghilangkan nyawa orang itu juga kalian ga bisa nuntaskan...bukti nya jaman ke jaman selalu ada kasus perampasan perampokan yg sampai terjadi pembunuhan...bicara hukum juga sama kan...agama juga...merea juga ibadah....kaum lgbt juga menyembah tuhan...juga bayar pajak untuk negara..beli bensin pun bayar,belanja pun bayar,,,,ibadah pun penampilan yg sesuai layak nya menghadap tuhan...belum tentu yg mengusik itu kelak di akhirat mendorong kaum lgbt ke neraka...kita manusia tidak boleh mengkafirkan sesama manusia...bicara agama harus belajar se matang2 nya",net,2017-09-13T19:19:26Z,12,id,6,PinterPolitik
55,Prasetyo Bhakti,"Memprjuangkan sesuatu yg salah ,ttp salah",kon,2020-10-06T04:07:04Z,12,id,0,PinterPolitik
56,agri amri,"Udah rusak dunia ini ,tinggal tunggu pembalasan dri Tuhan aj,sedih lihatnya",kon,2020-10-19T06:53:32Z,11,id,1,PinterPolitik
57,Ivan Gogh,Reason terbesar pgn pindah negara ğŸ˜­,net,2020-12-21T13:32:56Z,11,id,8,PinterPolitik
58,Indra Thamrin,"Hidup itu yg normal2 aja, jng bikin kebalik-balik.. Lo yg bikin dosa orang lain juga yg kena dampak nya...",net,2020-10-25T08:47:00Z,10,id,7,PinterPolitik
59,Ade Nurjaya,INDONESIA ANTI LGBT SELAMANYA..!!!<br />LGBT = HEWAN<br />Orang LGBT Gak tau kodrat manusia..,kon,2019-03-09T19:34:23Z,8,id,9,PinterPolitik
60,Firas Mujahidin Abdala,"Mereka itu ngebully lo pada buat ngingetin, jangan nunggu azab baru tobat<br /><br />Tidakkah kamu belajar? Sebagai mana kaum gay terdahulu, dimusnahkan dari peradaban karena gay<br /><br />Bencana itu massive, bukan hanya kaum gay saja yang kena tapi semua orang di negeri ini ikut kena<br />Sebagaimana mukzizat itu nyata, bencana pun juga nyata<br /><br />Buat kaum lgbt, bikin negara sendiri aja tong !!!<br />Pergi lu jauh jauh dari negeri ini",kon,2017-12-24T04:59:20Z,6,id,9,PinterPolitik
61,Indra Thamrin,"Hidup itu yg normal2 aja, jng bikin kebalik-balik.. Lo yg bikin dosa orang lain juga yg kena dampak nya...",kon,2020-10-25T08:47:00Z,6,id,1,PinterPolitik
62,M. Meidiano Al-Fajri X IPS 1,"Jd inget gua nonton video dokumentar rasisme di Amerika. Di zaman itu langka bgt ketemu org mix (campuran). Kalau nikah beda ras, misalnya bule sm indo, pasti kena hujat karena dianggap menyimpang, tidak normal, mencampuradukkan darah, dan darahnya tidak murni. Org bisa kena bunuh dan dikucilkan masyarakat hanya karena terlahir sebagai blasteran. Tapi sekarang, di seluruh dunia, darah campuran sdh biasa bgt. <br /><br />Kasus LGBT jg gitu si menurut aku, baca aja komentarnya, orang orang gk malu menyuarakan kebencian mereka, mereka bahkan dgn bangga mengakui kalau mereka ingin membunuh dengan senang hati hanya karena masalah orientasi seksual yg dibawa sejak lahir? <br /><br />Aku percaya di kita bisa lebih memanusikan manusia di masa yg akan mendatangkan",net,2021-02-03T02:00:57Z,6,id,2,PinterPolitik
63,Rahmat syawaludin,"Bagaimana pun, sebagai seorang muslim saya tidak bisa mengingkarkan bahwa LGBT adalah suatu hal yang amat dibenci oleh Tuhan.  Akan tetapi, bukan berarti Tuhan benar2 meminta kita untuk melakukan kekerasan kepada mereka. Justru , Tuhan Yang Maha Kasih meminta kita untuk Amar Maruf Nahi Mungkar kepada mereka dengan cara yang baik agar mereka bisa kembali ke jati diri mereka dan di support dengan Doa. Beruntung kalo ada yang bertobat sehingga benar2 kita rangkul dan arahkan mereka. Kalo ada yg menolak, alangkah baiknya kita serahkan pada ALLAH dan doakan mereka agar diberikan &quot;Hidayah&quot; yang benar2 ngena buat mereka. Terkadang saya sedih melihat beberapa aktivis HAM yang beragama islam seakan merasa &quot;lebih benar&quot; dalam menyatakan LGBT  daripada ALLAH sendiri sehingga para LGBT patut diberikan kebebasan yang seluas-luanya, hingga sampai pada waktunya Indonesia akan seperti Thailand. Ini menurut saya, harapannya bisa dibaca cermat dan teliti",net,2019-03-08T12:53:29Z,6,id,2,PinterPolitik
64,vever popolopo 2,indonesia negara agama.bukan negara penganut paham miring,kon,2017-08-23T16:27:57Z,6,id,6,PinterPolitik
65,Dede Rizky,Saya tetap dengan aturan agama ğŸ˜‰,kon,2019-07-17T13:38:29Z,5,id,0,PinterPolitik
66,julee Fender,"dalam agam ga ada kekerasan juga....kok mau urusin dosa orang bukan nya urus dosa sendiri juga ,ingat ga terlali mengusik keburukan orang juga bukan nya dosa menghilang mlah bertambah",pro,2017-09-13T19:13:12Z,5,id,1,PinterPolitik
67,Muhamad Reza Anggana Putra,"KAMI MENJUNGJUNG TINGGI TOLERANSI, TAPI KAMI JUGA MENJUNGJUNG TINGGI SILA  PERTAMA. So LGBT bertentangan dengan syariat agama. UDAH!",kon,2019-04-27T14:24:56Z,5,id,2,PinterPolitik
68,Rifky Anindika,Salah ya salah.<br />Tidak melakukan kekekerasan kepada orang LGBT sepakat tapi menerima sebagai hal yg wajar. TIDAK. Salah tetap salah.,kon,2019-08-12T05:35:55Z,5,id,1,PinterPolitik
69,saidinal tanjung,"Video lu sampah gak pantas di tonton, kalian LGBT pantas di jadikan sampah di NKRI, kami setuju LGBT di perlakukan seperti di Video,",kon,2017-12-27T16:28:02Z,5,id,1,PinterPolitik
70,Ali Kusnandar,Sesungguhnya allah masih peduli dg kaum lgbt di siksa di hajar di dunia supaya mereka sadar bahwa neraka lebih dari seburuknya sakitnya di hajar di dunia,kon,2018-05-27T19:53:50Z,4,id,3,PinterPolitik
71,Chandraka Ara,"iye.. yang maksiat elo, yang suka sesama jenis cuman elo.. tapi kalo di negri ini banyak yang kayak lo tuhan tu marah, dateng musibah. banjir, gempa bumi. masalah nya yang mati bukan cuman elo MONYONG.",kon,2018-01-19T01:52:47Z,4,id,6,PinterPolitik
72,Elza Arunggi,Kalo aku jadi jendral tni indonesia saya yakinkan manusia seperti ini akan saya hilangkan demi Allah,kon,2020-10-02T00:50:02Z,4,id,4,PinterPolitik
73,wir fandi,mati saja kalian karena melaggar hukum tuhan,kon,2018-02-05T09:35:43Z,4,id,1,PinterPolitik
74,ahmad mugen,perangi LGBT indonesia...,kon,2020-04-02T06:28:03Z,3,id,0,PinterPolitik
75,Budengbudeng bumedeng,Nanti mau apalagi hah ? Mau buat parade untuk menolak makan daging ?,kon,2019-08-08T02:07:36Z,3,id,1,PinterPolitik
76,Empty Space,"Ya memberikan hak2 nya, klw masalah lgbt berbeda persoalannya",kon,2020-08-25T05:40:54Z,3,id,0,PinterPolitik
77,faris putra ibrahim,MAKAN SAMPAH AJA LGBT,kon,2017-06-29T22:32:09Z,3,id,1,PinterPolitik
78,President Bashar Al Assad,Lgbt klo mau buat dosa lu harus terima akibatnya karna dosa lu juga menganggu orang lain,kon,2021-02-17T08:38:40Z,3,id,0,PinterPolitik
79,Carol Wilonna,Klo bener gak akan jadi pertentangan!! Kok lucu minta pengakuan Bangsa Negara ini..  di kebanyakan keluarganya masing2 aja blm tentu tdk ada pro kontra..,kon,2019-12-20T02:24:10Z,2,id,0,PinterPolitik
80,Dimas At torik,Toleransi,net,2021-02-06T20:20:48Z,2,id,1,PinterPolitik
81,Galih G2P,"ğŸ˜‚kalo mereka ngeluh krn menderita mending sekalian mati aja deh.toh mereka kan juga sampah negeri ini kan,sampah itu ya...bisa didaur ulang atau...dibakar aja kan?hahaha",kon,2019-05-10T23:17:36Z,2,id,2,PinterPolitik
82,heryone heryone,"Kaum luth ini jangan dikasih kesempatan  di indonesia, mereka hanya bikin punah bangsa indonesia",kon,2020-08-22T11:30:27Z,2,id,5,PinterPolitik
83,Muhammad Hanif,tidak..!!lgbt melanggar norma norma hidup manusia...jika kamu lahir sebagai laki laki..maka itulah hakiktnya nggak akan berubah sama sekalii..!!!!,kon,2019-08-11T11:53:13Z,2,id,0,PinterPolitik
84,Rania,"salah sendiri lah, jelasÂ² dilarang di semua agama, makan tu HAM",kon,2021-03-11T15:13:08Z,2,id,0,PinterPolitik
85,Aditya,"Kaum LGBT acap kali mengatakan  itu kehendak pencipta. Jenis kelamin memang kodrat, namun Gender itu bukan kodrat. Gender terbentuk oleh lingkungan sosialnya, seperti disfungsi lembaga. Jadi ketika LGBT bersembunyi di balik HAM jangan terperdaya.",kon,2020-04-05T14:11:18Z,1,id,0,PinterPolitik
86,Alif Anas,"Saya akan tidak setuju sampai mati,karena tidak mensyukuri sudah laki pingin perempuan goblok",kon,2019-09-01T03:55:53Z,1,id,2,PinterPolitik
87,APEL JERUK01,"Pro LGBT adalah kaum ATHEIS. menjadi tuhan bagi diri sendiri. Kaum tanpa keyakinan! Tak sejalan dgn dasar negara indonesia. Ketuhanan yang maha esa! Pro LGBT adalah kaum yang hidup tanpa aturan agama, mereka semua layak direhab!",kon,2020-07-13T19:20:30Z,1,id,4,PinterPolitik
88,Aufa 666,Kemanusiaan tersekat karena keyakinan.,net,2021-01-28T16:50:25Z,1,id,0,PinterPolitik
89,Budengbudeng bumedeng,"Awalnya minta legalin LGBT, setelah legal eh minta lagi jadi LGBTQ , belum puas bikin lagi LGBTTQQIAAP dan sekarang setau yg gue liat yg baru diluar negeri adalah mereka nambahin Two Spirit di kelompoknya. Gitu aj terus",kon,2019-08-13T00:10:58Z,1,id,0,PinterPolitik
90,FIKRI NURDI,LGBT itu sejenis apaan dah?,kon,2019-10-27T00:11:21Z,1,id,3,PinterPolitik
91,Kaori Miyazono,Mengapa hukum gak berpihak ke lgbt karna lgbt gak diterima diindones,net,2021-01-04T09:33:14Z,1,id,0,PinterPolitik
92,masrur hoir,sama aja mendukung  perzinaan,kon,2020-12-28T10:29:55Z,1,id,2,PinterPolitik
93,teguh al khafitz,"jujur min, kalo mimin pendapatnya gimana?, ..<br /> kalo mimin bisa menjawab komen saya, nanti saya kasih pendapat saya tnttng LGBT",net,2019-05-13T17:14:57Z,1,id,0,PinterPolitik
94,Adhy Wicaksono,"Kok mintak toleransi, sekarang toleransi juga ngak itu para kaum lgbt terhadap mayoritas warga indonesia yg benar2 hanya ada laki2 dan perempuan di luar itu istilah lgbt. Yg kita talutlan pola hidup kalian mempengaruhi masyarakat kita yg awalnya normal jadi ikut2 tan kaum kalian. Ini adalah perang ideologi. Saya berdiri menolak LGBT !!!",kon,2019-08-08T15:54:02Z,0,id,0,PinterPolitik
95,Audrye Angel Wulan,"Wajar sih, karena lgbt itu kan menyimpang:/",kon,2021-01-06T07:17:43Z,0,id,4,PinterPolitik
96,Ghea Bernadette,"intinya jgn dihina mau bagaimanapun mereka,can u guys just respect them?<br />yg merasa pny agama pasti sifatnya baik baik semua dong,ya udh jgn dihina,punya agama tpi menghina ciptaan Tuhan,sm aja kalian kek org gk punya agama.",pro,2021-03-17T16:13:10Z,0,id,0,PinterPolitik
97,Gilang Raka Pradana,Dikasih enak malah bego,kon,2020-11-15T06:46:20Z,0,id,0,PinterPolitik
98,Hacker Anjing,Penyakit masyarakat,kon,2020-07-23T01:24:48Z,0,id,2,PinterPolitik
99,Kawiat kelor,Akun LGBT doktrin bodoh dasar hey kaum sodom,kon,2020-07-11T17:16:07Z,0,id,0,PinterPolitik
100,Komaxzam itnoJ,"Yg salah bukan lgbt nya, tp freesex liar-nyağŸ‘¹ <br />BS tobat kok..asal mau...<br /><a href=""https://youtu.be/Wz3SCfM5cMg"">https://youtu.be/Wz3SCfM5cMg</a>",net,2021-02-21T23:39:18Z,0,id,0,PinterPolitik
101,Sepi Dermen,"Aku di bully sama sepupu sama teman sama keluarga..tapi untung ga mengganggu semangat belajar ku,hanya saja jadi minder",pro,2021-03-16T03:32:13Z,0,id,1,PinterPolitik
102,stya DS,"Goblok semua tu pasti yang demo,udah tau salah masih aja ngotot,KITA INI HIDUP DI DUNIA HARUS ADA BATASANNN,JGN APA2 BEBAS,KALO LU PINGIN DITERIMA MASYARAKAT LU HARUS NGERUBAH KELAKUAN LO DULU TOLOL!!!lu aja gak ngehormati masyarakat yang ada disekitar Lo,ngapain masyarakat lu suruh ngehormati lu????sehat?? wahai kaum hina LGBT!!kalo lu memang menghormati masyarakat disekitar ya lu harus ngerubah kelakuan LO!!jgn apa2 minta dihormati tapi lu sendiri gak ngehormati!!egoiss..kesel gua Ama kaum kek gitu apa2 minta kebebasan,bebas boleh tapi harus tau batasan!!",kon,2020-10-16T04:05:23Z,0,id,1,PinterPolitik
103,Victoria Bonevo,"Gw yakin orang yg pada sok2 ngebela lgbt pasti pada anti sama pedofilia walaupun itu pedofil terhadap lawan jenis, padahal kalo di nalar pake akal sehat laki2 usia 30an suka sama perempuan dibawah umur selama dia udah akhir balik lebih normal daripada lgbt lho, wkwk betapa munafik nya orang2 itu ya? ğŸ˜‚ğŸ˜‚",kon,2021-02-14T02:59:28Z,0,id,4,PinterPolitik
104,Xcreamy,"Gua sih ya B aj, Urusin diri lu sendiri ğŸ™ğŸ¼, Sebelum urusin orng lain. Dah Itu Aj.",net,2021-03-09T08:20:38Z,0,id,0,PinterPolitik
105,yesus anak maria,Cepet sembuh ya otaknya,kon,2021-01-21T07:58:46Z,0,id,0,PinterPolitik
106,Youtube Like,Bendera indonesian <br />Bendera gay pelangi <br />Bendera lesbian warna pink,pro,2021-03-04T01:26:16Z,0,id,0,PinterPolitik
107,Reload TV,"Kita tidak membedakan kalian.. tpi kalian sendiri yg membedakan diri dari manusia.. maaf kalian keluar dari kodrat yg sesungguhnya.. itu yg kami pertanyakan.. siang&amp;malam, mur&amp;baut, plus&amp;minus,, you can imagine that&#39;s simple human logic.. kenapa kalian menyimpang dari hukum paten.. coba jelas kan..<br />Dan 1 lgi nasgor sama kuah.. logika .. nasgor dan kuah tidak dari bahan yg sama... Ibarat cowok &amp; cewek.. nasgor terdiri dri nasi.. kuah terdiri dari air yg di panaskan dan di beri seasoning dll.. ğŸ˜¶ <br />Hingga kalian akan membawa atas nama TUHAN,, karena tuhan telah menciptakan saya seperti ini.. bawa seluruh kitab beri tau saya ayat mana yg membenarkan kaum seperti anda.. yg ada Laknat Tuhan atas orang&quot; yg melampaui batas.. <br />And the final of conclusion is u got sick brain system.. <br />Semoga Tuhan menyadarkan kalian..",kon,2017-12-20T17:08:05Z,32,id,5,MarchNews
108,chanel walet motogp,"Seandenya di dunia ni semua lesbi atw homo,, maka punahlah manusia karna tidak ad keturunan lg alias anak,, tp pendukung lgbt pasti jwb sekarang ad bayi tabung ,, pertanyaanya bayi tabung harganya 500jt kira2 semua nda punya uang sgtu untuk buat 1 anak,, dn parahnya lg,, ayah pasti nda jlas atw ibunya nda jlas itu dari segi tehnologi, dari sisi agama,, tidak ad 1 pun agama membenarkan lgbt,, lopun ad pengnutnya yg bilag boleh cek dulu kitabya karna agama tu yg d liat bukan pemeluk tp kitabnya,, atw gini dh logika paling swderhananya,, 3000 thun lalu ad kaum nabi luth,, yg terkenal dgn homo dan lesbi,, seandenya allah tdk membinasakan mreka malah sebaliknya mreka berhasil berjuang sperti yg kalian inginkan sehingga semua terpengaruh sampai semua orang jd lesbi dan homo akan kah kalian ad skrang karna jman dulu tehnologi lom ad.. Pikir pake otak jangan pake pantat....",kon,2017-12-18T14:42:19Z,10,id,6,MarchNews
109,North South,Terima kasih Mba Yuli telah membantu memperjuangkan hak2 kami. Mba Yuli adalah pahlawan dan kami membutuhkan lebih banyak orang2 seperti mba Yuli yang berani berbicara.,pro,2017-11-30T01:14:13Z,10,id,11,MarchNews
110,ka yane,Lgbt disahkan auto kerusuhan indonesia camkan itu,kon,2020-05-15T06:34:53Z,8,id,1,MarchNews
111,brip dorz,"Ingat zaman nabi ludh,,jgn ampe terulang lagi,,sadar lah manusia,,hewan aja bisa tw lawan jenis nyaa,knapa manusia tidak",kon,2017-12-17T14:18:34Z,7,id,2,MarchNews
112,Diah Taibah,Di lauhul mahfudz sudah tertulis kalo lelaki ditakdirkan untuk wanita dan itu mutlak ketetapan Allah. Apa hak kita sebagai manusia untuk merubah itu.,kon,2017-12-29T09:02:11Z,6,id,0,MarchNews
113,Botak Berjubah,"menjadi lgbt itu pilihan dan pilihan kalian salah dan mengharapkan pilihan kalian dibenarkan,ingat kami respect kalian secara kemanusiaan bukan kelakuan kalian ,jadi jangan harap lgbt bisa bebas diindo",net,2020-12-30T03:24:39Z,4,id,0,MarchNews
114,Dayat Rokes,"Jangan dikesankan bahwa kamilah yang &#39;aneh&#39; (yang tidak bisa menerima lgbt) <br />Kalian yg &#39;sakit&#39; kok kami yang disuruh &#39;berobat&#39; mindset ?!!<br />Coba introspeksi diri,menyimpangkah perilaku kalian ?!!<br />Jika tetap berpendapat lgbt itu baik,lalu batasan apa lagi yang harus dijaga dari norma dan fitrah manusia ???  <br />Sebagai contoh : Inses boleh dong atas nama HAM ???<br />(padahal bukan rahasia umum,keturunan yg dihasilkan hubungan inses berpeluang sangat tinggi lahir cacat).<br />Begitu juga apa yg kalian lakukan berpeluang tinggi terkena penyakit kelamin menular bahkan HIV AIDS dan hilangnya MORAL disebagian sisi.<br />Maling juga punya argumen (saya mencuri buat nafkahi keluarga)<br />Lantas apakah perbuatan mencuri bisa dibenarkan ???<br />Jika kalian merasa lebih moderat,dan sudah tentu berkiblat pada &#39;barat&#39;<br />Ngk heran disana agama (rambu rambu hidup) ngk lebih cuma sekedar &#39;lifestyle&#39;.<br />Dan kalian pingin diterapkan disini ?!!!<br />A1,kalian orang orang yg melampaui batas.",kon,2020-10-12T17:06:46Z,4,id,0,MarchNews
115,Lugastyan HP,Kalian sakit dan berharap dibiarkan sakit. Justru masyarakat peduli jika ingin kalian sembuh.,kon,2018-09-29T10:29:13Z,4,id,0,MarchNews
116,March News,"Hope you can support us as a new, emerging, and independent news portal by liking our videos as well as subscribing to our channel. Much appreciated! // Kami berharap anda bersedia untuk mendukung kami sebagai sebuah portal berita yang baru, berkembang, dan independen dengan menekan tombol like disetiap video kami serta menekan tombol subscribe di kanal kami. Terima kasih!<br />.<br />.<br />.<br />More similar series: <a href=""http://bit.ly/MarchXAhmadiyahLahore"">http://bit.ly/MarchXAhmadiyahLahore</a><br />Website: <a href=""http://wemarch.id/"">http://wemarch.id</a><br />YouTube: <a href=""http://youtube.com/marchnews"">http://youtube.com/marchnews</a><br />Facebook: <a href=""http://facebook.com/marchnews"">http://facebook.com/marchnews</a><br />Instagram: <a href=""http://instagram.com/marchnews"">http://instagram.com/marchnews</a>",net,2017-10-15T02:37:34Z,4,id,1,MarchNews
117,Mr VapejesS,Lu hanya membenarkan Sesuatu yang salah dan mencari pembenaran. Yg beda hanya pekara iman dan masih banyak lagi,kon,2018-10-13T18:09:26Z,4,id,0,MarchNews
118,Fafan Upin,"Sejak kapan masyarakat menolak Manusianya? Yang kami tolak perilaku kalian, itu soalnya.. Silahkan bkerja, beraktivitas seperti orang normal.",kon,2018-12-28T10:17:06Z,3,id,0,MarchNews
119,Gembel Pensiun,"Dukung DPR untuk mengkriminalisasi LGBT, sudah jelas kau ini merugikan apapun alasan yg kau sampaikan, kau anggap LGBT ini budaya iya betul, budaya yg menyesatkan serta menghancurkan generasi bangsa",kon,2017-12-20T15:26:23Z,3,id,2,MarchNews
120,I Nyoman Tenaya Santika,"Mencari sukarelawan LGBT di seluruh Indonesia untuk bergabung dalam Teater Musikal.<br /><br />Teater Musikal ini menjadi Program Bulanan untuk Penggalian Dana pada:<br /><br />1. Penyelenggaraan Indonesia PRIDE <br />    Festival Sepekan - Pendidikan Seksual <br />    Masyarakat - LGBT di seluruh Indonesia<br /><br />2. Pendirian Rainbow Shelter Indonesia <br />    Rumah Singgah dan Pusat Pelatihan  <br />    disertai Klinik LGBT di seluruh Indonesia<br /><br />Hubungi Kami :<br />I Nyoman Tenaya Santika <br />WA: +628873919635<br />e-Mail: santikatenayainyoman@<a href=""http://yahoo.com/"">yahoo.com</a>",pro,2018-12-06T04:37:04Z,3,id,3,MarchNews
121,Laras Laras,Orang begini di bunuh aja halal,kon,2018-05-10T11:22:26Z,3,id,1,MarchNews
122,Nina Purnima,WOYYYYY SADAR CEPAT SBLM AZAB DATANG DARI ALLAH..SAKIT JIWA LO,kon,2019-11-26T13:51:14Z,3,id,0,MarchNews
123,Rangga bhaskara,Buat lgbt yg msih pada ngeyel. saran saya pindah ke negara yg legalin mahluk kayak lu.. Jangan dsini ..krna lgbt tu mnular .alesan selalu bilang ini urusan saya dengan tuhan saya ..ya memang .tp yg namanya lgbt tu perbuatan yg d laknat sama allah .klo allah udh ngasih azab .yg mampus bukan lu doank ..,kon,2019-06-06T05:13:28Z,3,id,0,MarchNews
124,Yoko Cute,"Yg jelas aku ga setuju sama LGBT. Hidup cuma penuh hawa nafsu. Mbok cari Tuhan, hidup yg bener. Jangan ikuti nafsu kalian ğŸ˜ğŸ˜",kon,2020-09-02T05:22:37Z,3,id,0,MarchNews
125,Yudy Lauw,"Edan... Kodrat ilahi manusia diciptakan laki2 dan perempuan, disamakan dgn hanya dgn makan sup dan nasi goreng...??? Se remeh itukah kalian menghargai diri kalian??? Bertobatlah teman2, kalian itu berharga.. Jangan buat rendah diri kalian dari binatang. Binatang sj akan mencari pasangannya.. Jantan dan betina.. Tuhan Mengasihi kalian...",kon,2020-04-15T10:14:51Z,3,id,0,MarchNews
126,â€¢Stupid boyâ€¢,Heh bayangkan cowok nikah sama cowok kagam bisa hamil kan? Lah masa cowok hamil cowok gak bakal berkembang biak kalo gak ada cewek tolol ._.,kon,2020-12-09T11:17:08Z,2,id,11,MarchNews
127,Archive Police,"dibarat ada islamphobia, disini ada homophobia",kon,2020-12-12T12:23:13Z,2,id,0,MarchNews
128,Fadil Hermawan,Jurnalis oon,kon,2017-12-17T23:39:30Z,2,id,1,MarchNews
129,Good BOY,Jaman edan ....,kon,2018-01-04T14:10:19Z,2,id,0,MarchNews
130,Lisnawati Sitompul,"Indonesia itu Partikularisme, kebebasan individu tergantung pada adat istiadat, AGAMA, dan kebudayan masyarakatnya. Kalau mau jadi LGBT sebebas2nya, jangan di Indonesia. OGAH SAYA BAYAR pajak uangnya dipake utk ngobatin org2 amoral yg berlindung dibalik &quot;Hak &amp; Kebebasan&quot;. <br /><br />LGBT tu bukan takdir.<br />Bisa dirubah. <br />Cari lingkungan yg mendukung utk berubah lebih baik, bukan yg menjerumuskan.",net,2017-12-23T17:01:24Z,2,id,1,MarchNews
131,lissa Miranda,"Lu gak laku ama laki yah,, hewan juga gk punya akal tapi gk nyimpang sex ny",kon,2018-01-09T05:30:33Z,2,id,0,MarchNews
132,muhammad fajar,Perilaku sampah,kon,2020-01-21T03:28:35Z,2,id,0,MarchNews
133,Putra Putra,"Kasian ya, <br /> Seharusnya bukan kalian yg ngajak mari duduk bersama seharusnya kami yg mempunyai perilaku seks yg normal yg mengajak kalian duduk bersama dgn kami. <br />Dari kalimat aja udah buktiin kalau anda sakit.",kon,2019-08-15T21:54:01Z,2,id,0,MarchNews
134,syafna sastra,"Statetman terakhir &quot;kawan LGBT itu tidak berbahaya Lo..&quot; sedangkan menurut penelitian salah satu penyebab penyakit ini  menular yg bukan disebabkan oleh virus tp karena interaksi atau pergaulan, saya setuju bahwa penyakit ini bisa disembuhkan dengan rehabilitasi atau konseling pd psikolog dan lain sebagainya, tetapi membuat komunitas LGBT seperti ini yg anggotanya sendiri ialah mereka yg sakit, kira-kira menurut anda bs sembuh tidak, atau ini adalah suatu alibi utk menyalurkan ekspresi emosional jiwa nya? Karena setau saya suatu komunitas itu biasanya tempat mempererat hubungan dan berbagi cerita sesama hoby, contoh: komunitas motor, isinya pecinta motor, komunitas reptil pecinta reptil dan lain sebagainya.. Nah yg saya khawatirkan dengan adanya komunitas ini bukan malah sembuh tp yg gak sakitpun bs ketularan sakit, dan yg sudah sakit tambah sakit, kenapa saya beropini demikian? karena saya lebih sering melihat komunitas/kelompok ini isinya kebanyakan satu jenis, kl gay laki2 semua isi anggotanya, begitupun yg lesbi isinya wanita semua,(mungkintdk seluruhnya, tp kebanyakan seperti itu). Alangkah baiknya jika komunitas ini anggota nya campur lawan jenis dan volumenya sama, dan dibiasakan utk saat berinteraksi dlm komunitas ini berkomunikasi dengan  lawan jenis, yg gay ngobrolnya sm yg lesbi, begitu jg sebaliknya, dan wajib ada psikolog yg aktif utk membimbing, bukan malah interaksinya sesama jenis, nah ini br mungkin menurut saya bs sembuh...",kon,2017-12-20T19:40:13Z,2,id,7,MarchNews
135,Wandi Putra,"Buat pemerintah,jng legal kan kaum LGBT di indonesia.",kon,2018-10-22T14:42:24Z,2,id,1,MarchNews
136,ahoker sejatu cebonger setia,di kampung sya. banci suka ngumpan anak anak jalanan pake obat dan minuman keras.  dan di saat itu juga si banji meminta imbal balik.     dan akhirnya si anak menjadi gay di kemudian hari,kon,2017-12-24T11:17:55Z,1,id,6,MarchNews
137,Akhmad Romli,si goblok bikin gemes aja.... persoalanya itu kamu punya itil saya punya kontol....   bukan masuk ke dubur...   enaknya main depan bukan mai belakang....  bukan gunung sama gunung... gunung lawanya yah tabrak sama pesawat...  goblok.... sex bebas ... tanpa aturan agama ... norma agama... ente ngomong ham...  itu cuma buat dalil aja... intinya buat bebasin si kontol sama kontol main anggar.... sodok lobang tai... lobang kluarnya kotoran manusia...     ma a enak itil sama itil .. paling juga sodok pake tangan... aduhhh kasian kaya gak ada kontol aja...  sadar woiiiii... sadar..... lobang buaya yah dimasukin buaya....  masa dimasukin kambing... habis lah ...,kon,2018-01-07T18:29:33Z,1,id,0,MarchNews
138,Andre Alfa,Ini namanya usaha pembenaran opini!!!binatang aja tau harus kawin dgn lawan jenis..,kon,2018-10-07T20:05:24Z,1,id,0,MarchNews
139,Efi Sulistiyowati,binatang aja ga ada yg lgbt,kon,2019-02-06T06:10:59Z,1,id,0,MarchNews
140,gaming terbodoh,100% anda salah menyukai sesama jenis  menurut kitab suci saya Tuhan saya mengatakan! Cari lah pasanganmu dan beranak cucu lah.....<br />Kalau kalian suka sesama jenis apa bisa beranak..?,kon,2020-10-18T07:22:05Z,1,id,3,MarchNews
141,Mishael J,LGBT gk berbahaya? Justru berbahaya coy.bayangkan Lo nikah sesama jenis emang Lo bisa punya keturunan.sadar coy sedih orangtua Lo ngeliat anaknya LGBT.yang masih bilang LGBT gk berbahaya fix nih orang udh gk waras!!!kalo Lo masih manusia yg waras tolong rubah coy tinggalin tuh LGBT tobat coy.Tuhan gk pernah nyuruh manusia kawin dengan sesama jenis.adam aja nikah sama hawa.sadar woy!!!.gw cuma pengen nanya kalo kalian gay atau lesbi di malem pertama sblm nikah kalian ngapain kan udh gk bisa ngeweğŸ˜‚.apa mungkin pasangan cowok main pedang2an yg pasangan cewek main entot entotan sambil mendesah bersamağŸ˜‚.Gila GilağŸ˜‚ğŸ¤£,kon,2020-12-09T07:40:22Z,1,id,6,MarchNews
142,Muhammad Arafieq,Lgbt jauh jauh dari indo,kon,2020-08-18T14:02:44Z,1,id,2,MarchNews
143,Nunung Nurhayati,klo meki digesekin sama meki gimana rasanya mbak ? khan tetap si mbak endingnya butuh barang tumpul entah terbuat dri apa tpi khan tetap benda berbentuk pentungan..emang si mbak cukup tah dijil*t 2 doang sama temen cewe nya..hahaha...sayang mbak dripada dimasukin konek palsu mending juga konek asli..mungkin gak da lelaki yg mau masukin koneknya ke meki si mbak ya?..tampil cantik n feminim dulu mbak baru ada konek yg mau nusuk meki mbaknya..klo mbak cepak kayak lanang gitu muka brangas gitu mana ada konek yg mau nusuk meki mbak..widih kasian ya mekinya cuma ditusuk konek palsuğŸ˜ğŸ˜ğŸ˜,kon,2018-03-31T14:16:44Z,1,id,0,MarchNews
144,Un Da,"Nabi Luth mminta kaum sodom bertobat, tp mereka mnantang.. Ketika fajar menyingsing dguncangkan lah kota sodom dgn dahsyatx tdk terkecuali istri NABI LUTH turut tenggelam... Mdhn qt dan kturunan qt sllu d jalanNya. Aaamin..",kon,2018-10-28T17:46:35Z,1,id,0,MarchNews
145,Abelio Wirayudha,Binatang ae tau dia mau nusuk lawannya :v cowo apa cewe,kon,2018-02-04T06:28:07Z,0,id,2,MarchNews
146,bb interior studio,Karna sudah tau mangkanya dilarang bambank...informasi dari mana lg yg lu mau ğŸ¤£,kon,2020-10-13T19:22:49Z,0,id,0,MarchNews
147,Haris Nasution,Ngaur cewek itu,kon,2021-01-18T15:03:30Z,0,id,0,MarchNews
148,ILOVEMEME,Ngapain kasih yang berdosa yang enak wkwkwkwk,kon,2020-06-17T12:36:53Z,0,id,1,MarchNews
149,Mivft Black,jilat meki...,kon,2019-04-04T15:17:15Z,0,id,0,MarchNews
150,prastama wicaksono,GOBLOK !!!,kon,2018-05-10T23:44:03Z,0,id,0,MarchNews
151,privasi i,Makasih:)<br />Aku tidak sendirianğŸ˜Š,pro,2021-02-07T18:55:17Z,0,id,0,MarchNews
152,Puryanto Garda17,"udah jelas melenceng dari agama kalian merasa normal, kalian dongok apa tolol. cek lagi iman kalian, islam KTP atau anda emang ga punya tuhan.",kon,2017-12-23T12:08:50Z,0,id,0,MarchNews
153,putu ari,ni yuli si setann nytaa,kon,2018-10-18T16:03:04Z,0,id,0,MarchNews
154,Sandra,Makasih kak aku jadi bangga jadi biseksual,pro,2020-12-30T09:33:16Z,0,id,0,MarchNews
155,Priscilla,"Mereka AS A HUMAN cuman pengen diperjuangin HAM nya, karena selama ini mereka DIDISKRIMINASI sama manusia sok suci kayak kalian. Mereka kdg gapunya hak yg sama, socially and economically. Apa susahnya respect? Apa susahnya stop diskriminasi? Kalian ga usah dukung kalo mentingin agama, cukup RESPECT dengan ngerangkul mereka, instead of ngediskriminasiin mereka.<br />Masih pada suka zinah ajaaa sok2 ngebilangin kaum gay ckckckck",pro,2018-10-08T21:08:39Z,20,id,0,ArusPelangi
156,tommy martinez,"thanks to the God my Mom , selalu menerima saya apa adanya",pro,2017-06-17T02:57:35Z,11,id,4,ArusPelangi
157,Respon Cell,betul kata teman2 yg ada di komunitas LGBT..kami mempunyai hak yg sama&quot;<br />iya betul hak yg sama.Iya sama dengan binatang..lebih khususnya BABI.<br />YG PERILAKU SEKSUALNYA SAMA DGN KOMUNITAS LGBT.,kon,2017-05-14T20:07:32Z,10,id,0,ArusPelangi
158,Kenzo Tunas,Banyak sekali org indo yg terlalu close minded... bnyk yg diskriminasi dan benci dan jg sering demo pantesan aja indonesia ga pernah maju seperti negara lain ğŸ˜ª,net,2017-08-31T17:34:53Z,9,id,3,ArusPelangi
159,Mas Fathahillah,GAADA HAK DI INDONESIA! PERGI AJA DARI INDO! GA MENULAR TAPI MERUSAK NILAI2 PANCASILA DAN KEAGAAMAN!,kon,2017-05-27T13:30:13Z,9,id,0,ArusPelangi
160,Toni Toni,"gimana mau mewujudkan keluarga apalagi kebahagiaan klw LGBT tidak bisa melahirkan keturunan. yang ada malah kehancuran.... taubat taubat taubat... semua agama Tuhan melarang LGBT, karena Tuhan <br />menciptakan Pria dan Wanita untuk saling mencintai, sedangkan anda <br />menyimpang. Tuhan apa yang anda sembah... binatang saja tidak menyukai <br />sesama jenis, berarti LGBT telah merendahkan derajat manusia dibawah <br />binatang.",kon,2017-07-18T09:04:14Z,7,id,5,ArusPelangi
161,Zoe Zoe,Harusnya ini yang ditayangin di TV indo bukan malah yang negatifnya doang yang ditayangin,pro,2019-05-21T02:22:44Z,7,id,0,ArusPelangi
162,Deniyanto Sorip,"Jgn pernah menyerah utk dapat hak yg layak. Indonesia masih jauh untuk bisa menerima tapi suara yg mendukung sedang bertumbuh. Selalu ingat kata2 yg kalian ucapkan di video: Kalian adalah manusia dan bukan yg lain. Biarpun yg benci masih ada, don&#39;t give up on love. Stand strong in love because love is the light that never ceases to shine.",pro,2017-06-20T16:15:08Z,6,id,0,ArusPelangi
163,Lince Carolina,"Gini nih yang ga di suka ,nth kenapa ngerhargai aja susah bgt ya manusia2 di negara berkembang, coba aja lah kalian yang suka nge rendahin LGBT tu ada di posisi mereka bakal kaya apa coba nyesek nya hidup kalian2 pada",pro,2019-03-21T20:39:43Z,4,id,2,ArusPelangi
164,Sabrina Islam Miati,"saya mendukung dengan tidak adanya diskriminasi terhadap siapapun dimanapun dan kapanpun. Dan ya benar apa yang di katakan dalam video tadi LGBTI terjadi karena faktor2 yang disebutkan tadi. Tapi di dalam negara kita, bangsa kita INDONESIA melarang warga negara nya dan memberi peringatan keras pada LGBTI karena perilaku menyimpang seksual. Apakah kalian tidak takut kepada tuhan, terkena penyakit HIV, ingin memiliki keturunan, hidup yang bahagia? coba anda pikirkan anda telah membuang-buang waktu dengan berbuat dosa. Saya tidak menghakimi siapapun disini dan bagi keluarga yang memiliki anak,kerabat,teman,saudara,tetangga,dll cobalah untuk selalu bersikap baik terhadap mereka dan bersikap adil kepada mereka dan cobalah bimbing mereka ke jalan yang benar apabila memang sudah tidak bisa bawalah ke Psikiater untuk mendapatkan penanganan yang benar dan juga tes darah untuk memastikan terkena HIV/AIDS atau tidak.",kon,2018-12-03T15:21:24Z,4,id,0,ArusPelangi
165,Mas Fajar,kiamat sudah dekat !!!!!!!!!!!,kon,2017-03-26T08:28:29Z,3,id,3,ArusPelangi
166,Wahyu Arief Darmawan,Manusia seperti kami? Maaf kami membuat keturunan,kon,2017-07-15T18:13:07Z,3,id,19,ArusPelangi
167,Ardian Catur,ya bkannya di persulit .lha elu aja plin plan ..jadi cewek apa cowok ga jelas wkwkwkwkw .,kon,2017-09-07T10:11:11Z,2,id,2,ArusPelangi
168,hello youttube,"pindah negara saja mas mbak, jangan tinggal di indonesia kalo pengen bebas, atau bikin negara sendiri. nanti TNI/POLRI/Masyasarakat memerangi LOL",kon,2019-03-16T16:01:09Z,2,id,2,ArusPelangi
169,Luk Joshia,Jijik lihatnya..sampai kapan pun indonesian bebas LGBT,kon,2017-08-20T08:38:26Z,2,id,0,ArusPelangi
170,Rangga bhaskara,Mampuuss aja kalian semua ...,kon,2019-10-06T10:31:41Z,2,id,0,ArusPelangi
171,Thgg_l 16,"BABI AJA NGEWE SAMA LAWAN JENIS NYA,LAH MANUSIA MASA GTH!",kon,2017-07-31T02:23:24Z,2,id,5,ArusPelangi
172,Encus Maryati,semoga kalian sadar <br />monyet aja tau mana lawan jenis heheheheeheh <br />bersyahadat salah satu cara mengobati penyakit kalian,kon,2017-05-14T02:09:29Z,1,id,3,ArusPelangi
173,Erika Eppy Haryanto,"kata siapa gak nular? itu sama aja penyakit sosial. banyak kok disini yg berteman dengan gay/lesbian yg tadinya waras jadi ikutan gendheng juga. kucing kalo kelamaan hidup sama macan yg tadinya makan ikan bisa makan orang juga kali. lingkungan berpengaruh, itu jelas !",kon,2017-08-22T05:51:11Z,1,id,0,ArusPelangi
174,Linda Dirbas,Pembenaran untuk hal yang salah...dekatkan diri pada Tuhan ..jalankan agama kalian masing2....sadarlah kaum Luth ditenggelamkan karena ini..,kon,2018-12-25T16:47:56Z,1,id,0,ArusPelangi
175,mejadije,mau nangis. kayak ada temen. tapi ya rata2 hetero itu sebenarnya takut ngeri dgn LGBTi. idk,net,2017-09-13T07:49:45Z,1,id,1,ArusPelangi
176,Nuraida Ida,stop mempercepat kiamat!,kon,2017-08-20T06:25:26Z,1,id,1,ArusPelangi
177,surya sjahrir,kalian SAKIT.!!!!! kembalilah ke jalan yg benar sblm semua nya terlambat.. tidak cukup kah azab yg di alami oleh kaum nya nabi luth itu sbg peringatan utk kalian..???? kami yakin kalian bisa sembuh,kon,2017-06-02T18:45:15Z,1,id,9,ArusPelangi
178,tono,"sadarlah obati penyakit itu, dan hiduplah dengan normal",kon,2018-12-10T02:12:18Z,1,id,0,ArusPelangi
179,warzan xtraordinary,kalian berhak dan wajib kembali ke jalan yang benar.,kon,2017-06-07T07:23:22Z,1,id,7,ArusPelangi
180,aku dewe,Lgbt penyakit masyarakat.<br />Semua agama melarang LGBT apalagi Islam.<br />Yg dilarang diterjang kalo mati nyahok masuk NERAKA<br />ampun... Tobat.,kon,2019-12-17T09:09:19Z,0,id,0,ArusPelangi
181,Annisa Khaerani,"HAM adalah hak yg diberikan oleh Tuhan dan tidak ada seorangpun yg bisa merenggutnya.Tapigimana mau mendapatkan HAM, jika &quot;Dia&quot; yg memberikan kalian HAM saja sudah kalian Nistakan. Tidak ada agama yg menerima LGBT. Itu artinya Tuhan mu pun tidak melegalkan dengan apa yg kalian lakukan, apalagi manusia biasa seperti kami yang disuruh menerima perlakuan menyimpang seperti kalian. Kami tidak benci orangnya, tapi kami benci perlakuan menyimpangnya.",kon,2017-09-13T05:49:27Z,0,id,0,ArusPelangi
182,Arul Kana,Apa apaan ini<br />Gk ada hak LGBT di indonesiai yang bikin video ini bener bener gk punya otak,kon,2017-08-25T22:41:46Z,0,id,0,ArusPelangi
183,BANG BILL,Dipelajari...,kon,2020-06-06T10:44:55Z,0,id,0,ArusPelangi
184,diah tresiana,akhir zaman sudah dekat.,kon,2017-04-14T08:00:19Z,0,id,1,ArusPelangi
185,Ibnu arif Setiawan,Kesel kalo aja punya kuasa di Indonesia bakal diterima pasti contoh nya punya perusahaan gede di bidang sektor vital pasti pada diem mereka yg ga suka kesel soal nya kalo orang yg biasa pasti kena kekerasan tapi kalo punya kedudukan pasti pada takut pengen gitu punya cita cita ngubah kaum LGBT jadi bisa di terima,kon,2020-07-02T16:09:27Z,0,id,0,ArusPelangi
186,Kevin mart,"Bodok pikiran terlalu tumpul sekali,ğŸ˜¨ğŸ˜¨ğŸ˜¨ğŸ˜¨ğŸ˜¨ğŸ˜¨ğŸ˜¨",kon,2020-08-15T10:34:45Z,0,id,0,ArusPelangi
187,kijoll,"Untuk dunia yang lebih baik? Orientasi seksual, identitas, dan ekspresi gender yang &quot;berbeda&quot; cantik ya memperhalus kata2nya. GANGGUAN JIWA. itu yg sebenarnya. Memang makin banyak manusia lebih hina dari binatang jaman sekarang",kon,2017-08-19T04:46:35Z,0,id,1,ArusPelangi
188,laron kumbang,"Yg dibingungkan dsni adalah apakah ada sekolah atau pekerjaan punya syarat &quot;dilarang LGBT bersekolah dsni atau bekerja dsni&quot; atau masuk gtu ke restoran trus dtulis ddpan &quot;gay dilarang masuk&quot;??? Knp kalian selalu bersuara dibalik HAM yg mn tdk ad pelanggaran HAM yg sy liat toh kalian smpe skrg makan tidur dpt pendidikan bekerja bebas, ad dsni yg blg klu ngurus KTP susah ehehehe mngkin petugas KTP bingung krna ddlm KTP ditulis gender sdng yg ngurus KTP pria yg bersikeras dia wanita, mnrt sy kalian tdk kehilangan HAM dsni tpi kalian ingin kalian diakui kalian memaksa budaya agama dn kesehatan bahwa kalian benar sdng mereka menganggap salah, dn bullian itu dtgnya jg dri sndri klu waria tdk ngamen smbil godain cwo kesana kemari pk pakain sexy jg image ny gk akan seburuk itu, kt harus introspeksi diri dlu bhwa org mencibir pasti ad alasanny kt jngn selalu menganggap diri benar, apakah kt harus menahan tawa bila ada teman dikampus laki2 tpi lebih hebring dr perempuan gayanya mencolok mirip org gila, apalagi klu lg berantem ya ampun gayanya kyk org kesurupan, sebenarnya kalian lah sndri yg mmbuat berbeda atau jangan2 mmg berbeda dlm kondisi mental, itu yg sering dlm benak sy, sdng ad kodratny laki2 dn perempuan kita manusia tdk boleh egois untuk memilih jadi keduanya pasti ad yg salah, sy takut bla in di ijinkan orientasi sex seperti pedofil dll juga bikin orasi dibalik kata2 HAM, toh mereka jg sama pny orientasi sex berbeda, dimasa kini ajh kt masih geleng2 kepala klu liat cwe nikah sm cwe mngkin nnti dmasa depan cwo nikah sama kerbau, menakutkan",kon,2018-12-08T10:30:27Z,0,id,1,ArusPelangi
189,Muhammad Ardwiansyah,"LGBT. Fisik kalian orang, tapi perilaku seksnya kalah sama hewan.",kon,2019-08-23T12:14:00Z,0,id,0,ArusPelangi
190,Muhammad Ari Sudrajat,Taubat. Sesuatu yg salah tidak akan benar pada akhirnya. Orientasi atau apapun itu bisa diubah bisa diperbaiki. Namun takdir ALLAH tidak bisa diubah.,kon,2017-08-20T21:45:16Z,0,id,0,ArusPelangi
191,Muhammad Fadli Mannguluang,Bacot kontol,kon,2020-02-19T12:58:11Z,0,id,0,ArusPelangi
192,Narya Geblek,Seandainya aku dulu udh tahu bahwa aku tidak sendirian sayang sekarang aku sdh tua dan disabilitas fisik begini..ahh..maju terus teman2 sampai lgbt diterima di indonesia dan bisa berumahtangga dan bahagia seperti di negara2 as dan eropa thailand dll..maju terus,pro,2020-08-13T00:25:43Z,0,id,4,ArusPelangi
193,noval sajai,orng yang mangkir dri kodrat ...,kon,2017-04-16T22:21:56Z,0,id,0,ArusPelangi
194,Recing Deni01,kalian kalo mau tobat pasti sembuh... itu penyakit . jngan turuti hawa na9sumu yg menyimpang.. cobalah dekatkan diri anda dengan tuhan dan berdoa dah terus berusaha untuk hidup normal,kon,2019-03-15T08:11:03Z,0,id,0,ArusPelangi
195,windy widanengsih,semoga segera mendapatkan hidayah dari Allah SWT sebelum azal menjemput dan ditutupnya pintu tobat.,kon,2017-06-03T12:23:24Z,0,id,1,ArusPelangi